{
  "anger": 0.1164578662360103,
  "barricade": -1.0,
  "berserk": -1.0,
  "bodyslam": -0.6,
  "brutality": 0.6,
  "burningpact": -1.0,
  "clothesline": -0.158648287632074,
  "combust": -0.6,
  "corruption": -0.6,
  "darkembrace": -1.0,
  "demonform": 0.6,
  "disarm": -0.6,
  "doubletap": -1.0,
  "dropkick": -0.6,
  "dualwield": -1.2154048387274492,
  "entrench": -0.8967551933668584,
  "evolve": -0.8359551164215684,
  "exhume": -1.0,
  "feelnopain": 0.6,
  "finesse": -0.6,
  "flashofsteel": -0.6,
  "havoc": -0.6,
  "impatience": -1.0,
  "metallicize": 0.8153535711543525,
  "panache": -1.0,
  "perfectedstrike": -0.6,
  "purity": -1.0,
  "rage": 0.1386361425040776,
  "rupture": -1.0,
  "sadisticnature": -1.0,
  "searingblow": -1.0,
  "secondwind": -0.6,
  "seeingred": 0.1840909090909092,
  "sentinel": -1.0,
  "truegrit": -0.7226344658553076,
  "warcry": -0.8523305566908139
}